<?xml version="1.0" encoding="UTF-8"?>
<!DOCTYPE coverity SYSTEM "config.dtd">
<coverity>

<metrics>
    <metric>
        <name>time</name>
        <value>5</value>
    </metric>
    <metric>
        <name>args</name>
        <value>cov-build --dir cov-int</value>
    </metric>
    <metric>
        <name>host</name>
        <value>eagle.lfarkas.org</value>
    </metric>
    <metric>
        <name>short-platform</name>
        <value>linux64</value>
    </metric>
    <metric>
        <name>platform</name>
        <value>Linux 2.6.32-431.1.2.el6.viduxos.x86_64 x86_64</value>
    </metric>
    <metric>
        <name>ident</name>
        <value>6.6.1 (build d614fc01a4 p-eureka-push-15003.308)</value>
    </metric>
    <metric>
        <name>user</name>
        <value>lfarkas</value>
    </metric>
    <metric>
        <name>cwd</name>
        <value>/home/lfarkas/work/vidux/java/gstreamer-java/gstreamer-java</value>
    </metric>
    <metric>
        <name>config</name>
        <value>/home/lfarkas/progs/cov-analysis-linux64-6.6.1/config/coverity_config.xml</value>
    </metric>
    <metric>
        <name>intermediatedir</name>
        <value>/home/lfarkas/work/vidux/java/gstreamer-java/gstreamer-java/cov-int</value>
    </metric>
    <metric>
        <name>outputdir</name>
        <value></value>
    </metric>
    <metric>
        <name>emitdir</name>
        <value></value>
    </metric>
    <metric>
        <name>force</name>
        <value>no</value>
    </metric>
    <metric>
        <name>cygwin</name>
        <value>no</value>
    </metric>
    <metric>
        <name>failures</name>
        <value>0</value>
    </metric>
    <metric>
        <name>successes</name>
        <value>0</value>
    </metric>
    <metric>
        <name>buildcmd</name>
        <value>mvn compile</value>
    </metric>
</metrics>
</coverity>
