<?xml version="1.0" encoding="UTF-8"?>
<!DOCTYPE coverity SYSTEM "coverity_config.dtd">
<coverity>

<!-- THIS FILE IS AUTOMATICALLY GENERATED - YOU MAY ADD XML ENTITIES -->
<!-- TO UPDATE THE COMPILER CONFIGURATION AFTER THE begin_command_line_config ENTITY. -->
    <config>
      <build>
        <compiler>
          <comp_name>java</comp_name>
          <comp_dir>/usr/lib/jvm/java-1.6.0-openjdk-1.6.0.0.x86_64/jre/bin</comp_dir>
          <comp_translator>java</comp_translator>
          <id>java-java-1.6-67d225ca2e030877b46ccad4e1a9d0c6-1</id>
          <version>1.6</version>
        </compiler>
        <options>
          <id>java-java-1.6-67d225ca2e030877b46ccad4e1a9d0c6-1</id>
          <prepend_arg>-javaagent:$COVERITY_BIN$/jars/capture-bci.jar</prepend_arg>
          <prepend_arg>-Dcoverity.emit=$COVERITY_EMIT$</prepend_arg>
          <prepend_arg>-Dcoverity.build_log=$COVERITY_OUTPUT$</prepend_arg>
          <prepend_arg>-Dcoverity.build_log_encoding=$COVERITY_OUTPUT_ENCODING$</prepend_arg>
          <prepend_arg>-Dcoverity.force.debug=true</prepend_arg>
          <skip_file>conftest\.c{1,2}$</skip_file>
          <skip_file>conftest\.cpp$</skip_file>
          <begin_command_line_config></begin_command_line_config>
        </options>
      </build>
    </config>
<md5>5c78f8fd2f2e386ff87d3b15a9ca0bd4</md5>
</coverity>

